ID	道具类型（1：道具；2：药水Buff ，3 ：自定义道具）	死亡复活是否重复作用	道具ID	道具meta	道具数量	道具附魔属性（ID1=LV1#ID2=LV2）	药水Buff（ID1=LV1=Time1#ID2=LV2=Time1）	增加的最大生命
id	type	isRepeat	itemId	itemMeta	itemNum	enchants	effects	extraHp
Advertisement_g1014_paper_5	1	0	340	0	5	#	#	#
Advertisement_g1014_Iron.clam_1	1	0	256	0	1	#	#	#
Advertisement_g1000_bread_3	1	0	297	0	3	#	#	#
Advertisement_g1000_cooked.mutton_3	1	0	364	0	3	#	#	#
Advertisement_g1014_key_1	1	0	452	0	1	#	#	#
