ID	等级	道具ID	名称	图片	武器类型	攻击力	射程	射速	最大子弹数	击退力	狙击距离	击发子弹数量	子弹偏移	攻击系数	价格		中文备注			
id	level	itemId	name	image	type	attack	range	speed	maxBullet	knockback	sniperDistance	bulletPerShoot	bulletOffset	attackX	price					
100000	1	426	creepyalients_gun_name_1.name	set:items.json image:gun01	1	30	15	0.3	15	0	0	1	28	0.3	0		HK-P2000手枪		1	手枪
100001	2	436	creepyalients_gun_name_27.name	set:items.json image:gun27	5	43	25	0.1	30	0	0	1	24	0.14	1500		R1895手枪		2	步枪
100002	3	435	creepyalients_gun_name_37.name	set:items.json image:gun37	1	57	15	0.35	12	0	0	1	40	0.55	4000		Micro Uzi冲锋枪		3	狙击枪
100003	4	437	creepyalients_gun_name_36.name	set:items.json image:gun36	4	71	10	0.6	10	1	0	5	180	0.2	7000		SearsRanger霰弹枪		4	散弹枪
100004	5	438	creepyalients_gun_name_38.name	set:items.json image:gun38	1	92	15	0.25	18	0	0	1	20	0.47	11000		DessertEagle手枪		5	冲锋枪
100005	6	439	creepyalients_gun_name_25.name	set:items.json image:gun25	5	132	25	0.125	24	0	0	1	34	0.23	16000		Tommy Gun冲锋枪			
100006	7	440	creepyalients_gun_name_29.name	set:items.json image:gun29	4	158	10	0.8	7	1	0	5	200	0.3	22000		M1014霰弹枪			
100007	8	428	creepyalients_gun_name_3.name	set:items.json image:gun03	5	186	25	0.085	35	0	0	1	30	0.18	30000		MP9冲锋枪			
100008	9	427	creepyalients_gun_name_2.name	set:items.json image:gun02	2	220	35	0.15	40	0	0	1	30	0.31	40000		AK-47步枪			
100009	10	429	creepyalients_gun_name_4.name	set:items.json image:gun04	4	258	10	0.5	12	1	0	5	160	0.23	52000		HAWK-12霰弹枪			
100010	11	700	creepyalients_gun_name_28.name	set:items.json image:gun28	5	314	25	0.115	25	0	0	1	30	0.25	64000		Type100冲锋枪			
100011	12	701	creepyalients_gun_name_34.name	set:items.json image:gun34	5	353	25	0.1	30	0	0	1	24	0.25	78000		MK5冲锋枪			
100012	13	702	creepyalients_gun_name_23.name	set:items.json image:gun23	2	394	35	0.2	30	0	0	1	28	0.5	94000		M16A4步枪			
100013	14	703	creepyalients_gun_name_35.name	set:items.json image:gun35	4	436	10	1	6	1	0	5	150	0.48	112000		AA12霰弹枪			
100014	15	704	creepyalients_gun_name_26.name	set:items.json image:gun26	5	481	25	0.075	40	0	0	1	24	0.2	132000		Vector冲锋枪			
100015	16	705	creepyalients_gun_name_24.name	set:items.json image:gun24	2	555	35	0.11	55	0	0	1	26	0.28	154000		Groza步枪			
100016	17	431	creepyalients_gun_name_9.name	set:items.json image:gun09	2	606	35	0.16	38	0	0	1	26	0.42	178000		M4A1步枪			
100017	18	430	creepyalients_gun_name_6.name	set:items.json image:gun06	3	658	50	2.5	7	0	10	1	10	6.27	204000		M40A3狙击枪			
100018	19	706	creepyalients_gun_name_18.name	set:items.json image:gun18	2	713	35	0.14	45	0	0	1	26	0.37	232000		DP-28机枪			
100019	20	707	creepyalients_gun_name_33.name	set:items.json image:gun33	2	770	35	0.18	35	0	0	1	26	0.48	262000		SCAR-L步枪			
100020	21	708	creepyalients_gun_name_13.name	set:items.json image:gun13	3	861	50	2.8	6	0	10	1	10	7.14	294000		85狙击枪			
100021	22	709	creepyalients_gun_name_21.name	set:items.json image:gun21	2	924	35	0.25	25	0	0	1	24	0.66	328000		95步枪			
100022	23	710	creepyalients_gun_name_17.name	set:items.json image:gun17	2	998	35	0.12	50	0	0	1	24	0.33	364000		M1941机枪			
100023	24	711	creepyalients_gun_name_20.name	set:items.json image:gun20	3	1076	50	2.2	8	0	10	1	10	6.03	402000		W2000狙击枪			
100024	25	712	creepyalients_gun_name_31.name	set:items.json image:gun31	2	1156	35	0.15	40	0	0	1	24	0.42	442000		AUG A3步枪			
100025	26	432	creepyalients_gun_name_8.name	set:items.json image:gun08	3	1326	50	3.2	8	0	10	1	10	9.2	484000		98K狙击枪			
100026	27	434	creepyalients_gun_name_10.name	set:items.json image:gun10	3	1427	50	2	12	0	10	1	10	5.88	528000		巴雷特狙击枪			
100027	28	713	creepyalients_gun_name_19.name	set:items.json image:gun19	2	1531	35	0.125	60	0	0	1	16	0.38	574000		MK14步枪			
100028	29	714	creepyalients_gun_name_15.name	set:items.json image:gun15	2	1640	35	0.15	60	0	0	1	16	0.46	622000		MK60机枪			
100029	30	433	creepyalients_gun_name_11.name	set:items.json image:gun11	2	1800	35	0.115	100	0	0	1	16	0.36	672000		加特林机枪			
