ID	部位	资源ID	等级	名称	图片	描述详情	生命值	攻击力	防御力	移动速度	生命恢复	价格
id	part	itemId	level	name	image	description	hp	attack	defense	speed	addHp	price
101000	helmet	298	0	item.helmetCloth.name	set:items.json image:leather_helmet	upgrade.item.helmet.desc	0	0	0	0	0	0
101001	helmet	298	1	item.helmetCloth.name	set:items.json image:leather_helmet	upgrade.item.helmet.desc	0	0	0	0	44	6000
101002	helmet	298	2	item.helmetCloth.name	set:items.json image:leather_helmet	upgrade.item.helmet.desc	0	0	0	0	47	140
101003	helmet	298	3	item.helmetCloth.name	set:items.json image:leather_helmet	upgrade.item.helmet.desc	0	0	0	0	50	160
101004	helmet	298	4	item.helmetCloth.name	set:items.json image:leather_helmet	upgrade.item.helmet.desc	0	0	0	0	53	180
101005	helmet	298	5	item.helmetCloth.name	set:items.json image:leather_helmet	upgrade.item.helmet.desc	0	0	0	0	59	200
101006	helmet	298	6	item.helmetCloth.name	set:items.json image:leather_helmet	upgrade.item.helmet.desc	0	0	0	0	62	2000
101007	helmet	298	7	item.helmetCloth.name	set:items.json image:leather_helmet	upgrade.item.helmet.desc	0	0	0	0	65	380
101008	helmet	298	8	item.helmetCloth.name	set:items.json image:leather_helmet	upgrade.item.helmet.desc	0	0	0	0	68	420
101009	helmet	298	9	item.helmetCloth.name	set:items.json image:leather_helmet	upgrade.item.helmet.desc	0	0	0	0	71	460
101010	helmet	298	10	item.helmetCloth.name	set:items.json image:leather_helmet	upgrade.item.helmet.desc	0	0	0	0	79	500
101011	helmet	298	11	item.helmetCloth.name	set:items.json image:leather_helmet	upgrade.item.helmet.desc	0	0	0	0	83	3000
101012	helmet	298	12	item.helmetCloth.name	set:items.json image:leather_helmet	upgrade.item.helmet.desc	0	0	0	0	87	620
101013	helmet	298	13	item.helmetCloth.name	set:items.json image:leather_helmet	upgrade.item.helmet.desc	0	0	0	0	91	680
101014	helmet	298	14	item.helmetCloth.name	set:items.json image:leather_helmet	upgrade.item.helmet.desc	0	0	0	0	95	740
101015	helmet	298	15	item.helmetCloth.name	set:items.json image:leather_helmet	upgrade.item.helmet.desc	0	0	0	0	104	800
101016	helmet	298	16	item.helmetCloth.name	set:items.json image:leather_helmet	upgrade.item.helmet.desc	0	0	0	0	109	4000
101017	helmet	298	17	item.helmetCloth.name	set:items.json image:leather_helmet	upgrade.item.helmet.desc	0	0	0	0	114	860
101018	helmet	298	18	item.helmetCloth.name	set:items.json image:leather_helmet	upgrade.item.helmet.desc	0	0	0	0	119	940
101019	helmet	298	19	item.helmetCloth.name	set:items.json image:leather_helmet	upgrade.item.helmet.desc	0	0	0	0	124	1020
101020	helmet	298	20	item.helmetCloth.name	set:items.json image:leather_helmet	upgrade.item.helmet.desc	0	0	0	0	133	1100
101021	helmet	298	21	item.helmetCloth.name	set:items.json image:leather_helmet	upgrade.item.helmet.desc	0	0	0	0	138	5200
101022	helmet	298	22	item.helmetCloth.name	set:items.json image:leather_helmet	upgrade.item.helmet.desc	0	0	0	0	143	1100
101023	helmet	298	23	item.helmetCloth.name	set:items.json image:leather_helmet	upgrade.item.helmet.desc	0	0	0	0	148	1200
101024	helmet	298	24	item.helmetCloth.name	set:items.json image:leather_helmet	upgrade.item.helmet.desc	0	0	0	0	153	1300
101025	helmet	306	25	item.helmetIron.name	set:items.json image:iron_helmet	upgrade.item.helmet.desc	0	0	0	0	167	1400
101026	helmet	306	26	item.helmetIron.name	set:items.json image:iron_helmet	upgrade.item.helmet.desc	0	0	0	0	173	6400
101027	helmet	306	27	item.helmetIron.name	set:items.json image:iron_helmet	upgrade.item.helmet.desc	0	0	0	0	179	1340
101028	helmet	306	28	item.helmetIron.name	set:items.json image:iron_helmet	upgrade.item.helmet.desc	0	0	0	0	185	1460
101029	helmet	306	29	item.helmetIron.name	set:items.json image:iron_helmet	upgrade.item.helmet.desc	0	0	0	0	191	1580
101030	helmet	306	30	item.helmetIron.name	set:items.json image:iron_helmet	upgrade.item.helmet.desc	0	0	0	0	207	1700
101031	helmet	306	31	item.helmetIron.name	set:items.json image:iron_helmet	upgrade.item.helmet.desc	0	0	0	0	214	7600
101032	helmet	306	32	item.helmetIron.name	set:items.json image:iron_helmet	upgrade.item.helmet.desc	0	0	0	0	221	1580
101033	helmet	306	33	item.helmetIron.name	set:items.json image:iron_helmet	upgrade.item.helmet.desc	0	0	0	0	228	1720
101034	helmet	306	34	item.helmetIron.name	set:items.json image:iron_helmet	upgrade.item.helmet.desc	0	0	0	0	235	1860
101035	helmet	306	35	item.helmetIron.name	set:items.json image:iron_helmet	upgrade.item.helmet.desc	0	0	0	0	251	2000
101036	helmet	306	36	item.helmetIron.name	set:items.json image:iron_helmet	upgrade.item.helmet.desc	0	0	0	0	259	8800
101037	helmet	306	37	item.helmetIron.name	set:items.json image:iron_helmet	upgrade.item.helmet.desc	0	0	0	0	267	1820
101038	helmet	306	38	item.helmetIron.name	set:items.json image:iron_helmet	upgrade.item.helmet.desc	0	0	0	0	275	1980
101039	helmet	306	39	item.helmetIron.name	set:items.json image:iron_helmet	upgrade.item.helmet.desc	0	0	0	0	283	2140
101040	helmet	306	40	item.helmetIron.name	set:items.json image:iron_helmet	upgrade.item.helmet.desc	0	0	0	0	302	2300
101041	helmet	306	41	item.helmetIron.name	set:items.json image:iron_helmet	upgrade.item.helmet.desc	0	0	0	0	311	10000
101042	helmet	306	42	item.helmetIron.name	set:items.json image:iron_helmet	upgrade.item.helmet.desc	0	0	0	0	320	2060
101043	helmet	306	43	item.helmetIron.name	set:items.json image:iron_helmet	upgrade.item.helmet.desc	0	0	0	0	329	2240
101044	helmet	306	44	item.helmetIron.name	set:items.json image:iron_helmet	upgrade.item.helmet.desc	0	0	0	0	338	2420
101045	helmet	306	45	item.helmetIron.name	set:items.json image:iron_helmet	upgrade.item.helmet.desc	0	0	0	0	359	2600
101046	helmet	306	46	item.helmetIron.name	set:items.json image:iron_helmet	upgrade.item.helmet.desc	0	0	0	0	369	11200
101047	helmet	306	47	item.helmetIron.name	set:items.json image:iron_helmet	upgrade.item.helmet.desc	0	0	0	0	379	2400
101048	helmet	306	48	item.helmetIron.name	set:items.json image:iron_helmet	upgrade.item.helmet.desc	0	0	0	0	389	2600
101049	helmet	306	49	item.helmetIron.name	set:items.json image:iron_helmet	upgrade.item.helmet.desc	0	0	0	0	399	2800
101050	helmet	314	50	item.helmetGold.name	set:items.json image:gold_helmet	upgrade.item.helmet.desc	0	0	0	0	422	3000
101051	helmet	314	51	item.helmetGold.name	set:items.json image:gold_helmet	upgrade.item.helmet.desc	0	0	0	0	433	12400
101052	helmet	314	52	item.helmetGold.name	set:items.json image:gold_helmet	upgrade.item.helmet.desc	0	0	0	0	444	2540
101053	helmet	314	53	item.helmetGold.name	set:items.json image:gold_helmet	upgrade.item.helmet.desc	0	0	0	0	455	2760
101054	helmet	314	54	item.helmetGold.name	set:items.json image:gold_helmet	upgrade.item.helmet.desc	0	0	0	0	466	2980
101055	helmet	314	55	item.helmetGold.name	set:items.json image:gold_helmet	upgrade.item.helmet.desc	0	0	0	0	493	3200
101056	helmet	314	56	item.helmetGold.name	set:items.json image:gold_helmet	upgrade.item.helmet.desc	0	0	0	0	505	13600
101057	helmet	314	57	item.helmetGold.name	set:items.json image:gold_helmet	upgrade.item.helmet.desc	0	0	0	0	517	2780
101058	helmet	314	58	item.helmetGold.name	set:items.json image:gold_helmet	upgrade.item.helmet.desc	0	0	0	0	529	3020
101059	helmet	314	59	item.helmetGold.name	set:items.json image:gold_helmet	upgrade.item.helmet.desc	0	0	0	0	541	3260
101060	helmet	314	60	item.helmetGold.name	set:items.json image:gold_helmet	upgrade.item.helmet.desc	0	0	0	0	571	3500
101061	helmet	314	61	item.helmetGold.name	set:items.json image:gold_helmet	upgrade.item.helmet.desc	0	0	0	0	584	14800
101062	helmet	314	62	item.helmetGold.name	set:items.json image:gold_helmet	upgrade.item.helmet.desc	0	0	0	0	597	3020
101063	helmet	314	63	item.helmetGold.name	set:items.json image:gold_helmet	upgrade.item.helmet.desc	0	0	0	0	610	3280
101064	helmet	314	64	item.helmetGold.name	set:items.json image:gold_helmet	upgrade.item.helmet.desc	0	0	0	0	623	3540
101065	helmet	314	65	item.helmetGold.name	set:items.json image:gold_helmet	upgrade.item.helmet.desc	0	0	0	0	657	3800
101066	helmet	314	66	item.helmetGold.name	set:items.json image:gold_helmet	upgrade.item.helmet.desc	0	0	0	0	671	16000
101067	helmet	314	67	item.helmetGold.name	set:items.json image:gold_helmet	upgrade.item.helmet.desc	0	0	0	0	685	3260
101068	helmet	314	68	item.helmetGold.name	set:items.json image:gold_helmet	upgrade.item.helmet.desc	0	0	0	0	699	3540
101069	helmet	314	69	item.helmetGold.name	set:items.json image:gold_helmet	upgrade.item.helmet.desc	0	0	0	0	713	3820
101070	helmet	314	70	item.helmetGold.name	set:items.json image:gold_helmet	upgrade.item.helmet.desc	0	0	0	0	751	4100
101071	helmet	314	71	item.helmetGold.name	set:items.json image:gold_helmet	upgrade.item.helmet.desc	0	0	0	0	767	17200
101072	helmet	314	72	item.helmetGold.name	set:items.json image:gold_helmet	upgrade.item.helmet.desc	0	0	0	0	783	3500
101073	helmet	314	73	item.helmetGold.name	set:items.json image:gold_helmet	upgrade.item.helmet.desc	0	0	0	0	799	3800
101074	helmet	314	74	item.helmetGold.name	set:items.json image:gold_helmet	upgrade.item.helmet.desc	0	0	0	0	815	4100
101075	helmet	310	75	item.helmetDiamond.name	set:items.json image:diamond_helmet	upgrade.item.helmet.desc	0	0	0	0	853	4400
101076	helmet	310	76	item.helmetDiamond.name	set:items.json image:diamond_helmet	upgrade.item.helmet.desc	0	0	0	0	869	18400
101077	helmet	310	77	item.helmetDiamond.name	set:items.json image:diamond_helmet	upgrade.item.helmet.desc	0	0	0	0	885	3740
101078	helmet	310	78	item.helmetDiamond.name	set:items.json image:diamond_helmet	upgrade.item.helmet.desc	0	0	0	0	901	4060
101079	helmet	310	79	item.helmetDiamond.name	set:items.json image:diamond_helmet	upgrade.item.helmet.desc	0	0	0	0	917	4380
101080	helmet	310	80	item.helmetDiamond.name	set:items.json image:diamond_helmet	upgrade.item.helmet.desc	0	0	0	0	964	4700
101081	helmet	310	81	item.helmetDiamond.name	set:items.json image:diamond_helmet	upgrade.item.helmet.desc	0	0	0	0	982	19600
101082	helmet	310	82	item.helmetDiamond.name	set:items.json image:diamond_helmet	upgrade.item.helmet.desc	0	0	0	0	1000	3980
101083	helmet	310	83	item.helmetDiamond.name	set:items.json image:diamond_helmet	upgrade.item.helmet.desc	0	0	0	0	1018	4320
101084	helmet	310	84	item.helmetDiamond.name	set:items.json image:diamond_helmet	upgrade.item.helmet.desc	0	0	0	0	1036	4660
101085	helmet	310	85	item.helmetDiamond.name	set:items.json image:diamond_helmet	upgrade.item.helmet.desc	0	0	0	0	1083	5000
101086	helmet	310	86	item.helmetDiamond.name	set:items.json image:diamond_helmet	upgrade.item.helmet.desc	0	0	0	0	1103	20800
101087	helmet	310	87	item.helmetDiamond.name	set:items.json image:diamond_helmet	upgrade.item.helmet.desc	0	0	0	0	1123	4220
101088	helmet	310	88	item.helmetDiamond.name	set:items.json image:diamond_helmet	upgrade.item.helmet.desc	0	0	0	0	1143	4580
101089	helmet	310	89	item.helmetDiamond.name	set:items.json image:diamond_helmet	upgrade.item.helmet.desc	0	0	0	0	1163	4940
101090	helmet	310	90	item.helmetDiamond.name	set:items.json image:diamond_helmet	upgrade.item.helmet.desc	0	0	0	0	1212	5300
101091	helmet	310	91	item.helmetDiamond.name	set:items.json image:diamond_helmet	upgrade.item.helmet.desc	0	0	0	0	1234	22200
101092	helmet	310	92	item.helmetDiamond.name	set:items.json image:diamond_helmet	upgrade.item.helmet.desc	0	0	0	0	1256	4460
101093	helmet	310	93	item.helmetDiamond.name	set:items.json image:diamond_helmet	upgrade.item.helmet.desc	0	0	0	0	1278	4840
101094	helmet	310	94	item.helmetDiamond.name	set:items.json image:diamond_helmet	upgrade.item.helmet.desc	0	0	0	0	1300	5220
101095	helmet	310	95	item.helmetDiamond.name	set:items.json image:diamond_helmet	upgrade.item.helmet.desc	0	0	0	0	1352	5600
101096	helmet	310	96	item.helmetDiamond.name	set:items.json image:diamond_helmet	upgrade.item.helmet.desc	0	0	0	0	1375	23600
101097	helmet	310	97	item.helmetDiamond.name	set:items.json image:diamond_helmet	upgrade.item.helmet.desc	0	0	0	0	1398	4700
101098	helmet	310	98	item.helmetDiamond.name	set:items.json image:diamond_helmet	upgrade.item.helmet.desc	0	0	0	0	1421	5100
101099	helmet	310	99	item.helmetDiamond.name	set:items.json image:diamond_helmet	upgrade.item.helmet.desc	0	0	0	0	1444	5500
101100	helmet	310	100	item.helmetDiamond.name	set:items.json image:diamond_helmet	upgrade.item.helmet.desc	0	0	0	0	1500	25000
201000	plate	299	0	item.chestplateCloth.name	set:items.json image:leather_chestplate	upgrade.item.plate.desc	0	0	0	0	0	0
201001	plate	299	1	item.chestplateCloth.name	set:items.json image:leather_chestplate	upgrade.item.plate.desc	0	0	35	0	0	2000
201002	plate	299	2	item.chestplateCloth.name	set:items.json image:leather_chestplate	upgrade.item.plate.desc	0	0	40	0	0	330
201003	plate	299	3	item.chestplateCloth.name	set:items.json image:leather_chestplate	upgrade.item.plate.desc	0	0	45	0	0	360
201004	plate	299	4	item.chestplateCloth.name	set:items.json image:leather_chestplate	upgrade.item.plate.desc	0	0	50	0	0	390
201005	plate	299	5	item.chestplateCloth.name	set:items.json image:leather_chestplate	upgrade.item.plate.desc	0	0	59	0	0	420
201006	plate	299	6	item.chestplateCloth.name	set:items.json image:leather_chestplate	upgrade.item.plate.desc	0	0	65	0	0	2200
201007	plate	299	7	item.chestplateCloth.name	set:items.json image:leather_chestplate	upgrade.item.plate.desc	0	0	71	0	0	840
201008	plate	299	8	item.chestplateCloth.name	set:items.json image:leather_chestplate	upgrade.item.plate.desc	0	0	77	0	0	910
201009	plate	299	9	item.chestplateCloth.name	set:items.json image:leather_chestplate	upgrade.item.plate.desc	0	0	83	0	0	980
201010	plate	299	10	item.chestplateCloth.name	set:items.json image:leather_chestplate	upgrade.item.plate.desc	0	0	94	0	0	1050
201011	plate	299	11	item.chestplateCloth.name	set:items.json image:leather_chestplate	upgrade.item.plate.desc	0	0	101	0	0	3600
201012	plate	299	12	item.chestplateCloth.name	set:items.json image:leather_chestplate	upgrade.item.plate.desc	0	0	108	0	0	1350
201013	plate	299	13	item.chestplateCloth.name	set:items.json image:leather_chestplate	upgrade.item.plate.desc	0	0	115	0	0	1460
201014	plate	299	14	item.chestplateCloth.name	set:items.json image:leather_chestplate	upgrade.item.plate.desc	0	0	122	0	0	1570
201015	plate	299	15	item.chestplateCloth.name	set:items.json image:leather_chestplate	upgrade.item.plate.desc	0	0	135	0	0	1680
201016	plate	299	16	item.chestplateCloth.name	set:items.json image:leather_chestplate	upgrade.item.plate.desc	0	0	143	0	0	5000
201017	plate	299	17	item.chestplateCloth.name	set:items.json image:leather_chestplate	upgrade.item.plate.desc	0	0	151	0	0	1850
201018	plate	299	18	item.chestplateCloth.name	set:items.json image:leather_chestplate	upgrade.item.plate.desc	0	0	159	0	0	2000
201019	plate	299	19	item.chestplateCloth.name	set:items.json image:leather_chestplate	upgrade.item.plate.desc	0	0	167	0	0	2150
201020	plate	299	20	item.chestplateCloth.name	set:items.json image:leather_chestplate	upgrade.item.plate.desc	0	0	183	0	0	2300
201021	plate	299	21	item.chestplateCloth.name	set:items.json image:leather_chestplate	upgrade.item.plate.desc	0	0	192	0	0	6400
201022	plate	299	22	item.chestplateCloth.name	set:items.json image:leather_chestplate	upgrade.item.plate.desc	0	0	201	0	0	2430
201023	plate	299	23	item.chestplateCloth.name	set:items.json image:leather_chestplate	upgrade.item.plate.desc	0	0	210	0	0	2620
201024	plate	299	24	item.chestplateCloth.name	set:items.json image:leather_chestplate	upgrade.item.plate.desc	0	0	219	0	0	2810
201025	plate	307	25	item.chestplateIron.name	set:items.json image:iron_chestplate	upgrade.item.plate.desc	0	0	237	0	0	3000
201026	plate	307	26	item.chestplateIron.name	set:items.json image:iron_chestplate	upgrade.item.plate.desc	0	0	247	0	0	7800
201027	plate	307	27	item.chestplateIron.name	set:items.json image:iron_chestplate	upgrade.item.plate.desc	0	0	257	0	0	2880
201028	plate	307	28	item.chestplateIron.name	set:items.json image:iron_chestplate	upgrade.item.plate.desc	0	0	267	0	0	3110
201029	plate	307	29	item.chestplateIron.name	set:items.json image:iron_chestplate	upgrade.item.plate.desc	0	0	277	0	0	3340
201030	plate	307	30	item.chestplateIron.name	set:items.json image:iron_chestplate	upgrade.item.plate.desc	0	0	297	0	0	3570
201031	plate	307	31	item.chestplateIron.name	set:items.json image:iron_chestplate	upgrade.item.plate.desc	0	0	308	0	0	9200
201032	plate	307	32	item.chestplateIron.name	set:items.json image:iron_chestplate	upgrade.item.plate.desc	0	0	319	0	0	3390
201033	plate	307	33	item.chestplateIron.name	set:items.json image:iron_chestplate	upgrade.item.plate.desc	0	0	330	0	0	3660
201034	plate	307	34	item.chestplateIron.name	set:items.json image:iron_chestplate	upgrade.item.plate.desc	0	0	341	0	0	3930
201035	plate	307	35	item.chestplateIron.name	set:items.json image:iron_chestplate	upgrade.item.plate.desc	0	0	363	0	0	4200
201036	plate	307	36	item.chestplateIron.name	set:items.json image:iron_chestplate	upgrade.item.plate.desc	0	0	375	0	0	10600
201037	plate	307	37	item.chestplateIron.name	set:items.json image:iron_chestplate	upgrade.item.plate.desc	0	0	387	0	0	3880
201038	plate	307	38	item.chestplateIron.name	set:items.json image:iron_chestplate	upgrade.item.plate.desc	0	0	399	0	0	4190
201039	plate	307	39	item.chestplateIron.name	set:items.json image:iron_chestplate	upgrade.item.plate.desc	0	0	411	0	0	4500
201040	plate	307	40	item.chestplateIron.name	set:items.json image:iron_chestplate	upgrade.item.plate.desc	0	0	436	0	0	4810
201041	plate	307	41	item.chestplateIron.name	set:items.json image:iron_chestplate	upgrade.item.plate.desc	0	0	449	0	0	12000
201042	plate	307	42	item.chestplateIron.name	set:items.json image:iron_chestplate	upgrade.item.plate.desc	0	0	462	0	0	4400
201043	plate	307	43	item.chestplateIron.name	set:items.json image:iron_chestplate	upgrade.item.plate.desc	0	0	475	0	0	4750
201044	plate	307	44	item.chestplateIron.name	set:items.json image:iron_chestplate	upgrade.item.plate.desc	0	0	488	0	0	5100
201045	plate	307	45	item.chestplateIron.name	set:items.json image:iron_chestplate	upgrade.item.plate.desc	0	0	515	0	0	5450
201046	plate	307	46	item.chestplateIron.name	set:items.json image:iron_chestplate	upgrade.item.plate.desc	0	0	530	0	0	13400
201047	plate	307	47	item.chestplateIron.name	set:items.json image:iron_chestplate	upgrade.item.plate.desc	0	0	545	0	0	4830
201048	plate	307	48	item.chestplateIron.name	set:items.json image:iron_chestplate	upgrade.item.plate.desc	0	0	560	0	0	5220
201049	plate	307	49	item.chestplateIron.name	set:items.json image:iron_chestplate	upgrade.item.plate.desc	0	0	575	0	0	5610
201050	plate	315	50	item.chestplateGold.name	set:items.json image:gold_chestplate	upgrade.item.plate.desc	0	0	600	0	0	6000
201051	plate	315	51	item.chestplateGold.name	set:items.json image:gold_chestplate	upgrade.item.plate.desc	0	0	616	0	0	14800
201052	plate	315	52	item.chestplateGold.name	set:items.json image:gold_chestplate	upgrade.item.plate.desc	0	0	632	0	0	5440
201053	plate	315	53	item.chestplateGold.name	set:items.json image:gold_chestplate	upgrade.item.plate.desc	0	0	648	0	0	5870
201054	plate	315	54	item.chestplateGold.name	set:items.json image:gold_chestplate	upgrade.item.plate.desc	0	0	664	0	0	6300
201055	plate	315	55	item.chestplateGold.name	set:items.json image:gold_chestplate	upgrade.item.plate.desc	0	0	692	0	0	6730
201056	plate	315	56	item.chestplateGold.name	set:items.json image:gold_chestplate	upgrade.item.plate.desc	0	0	709	0	0	16200
201057	plate	315	57	item.chestplateGold.name	set:items.json image:gold_chestplate	upgrade.item.plate.desc	0	0	726	0	0	5890
201058	plate	315	58	item.chestplateGold.name	set:items.json image:gold_chestplate	upgrade.item.plate.desc	0	0	743	0	0	6360
201059	plate	315	59	item.chestplateGold.name	set:items.json image:gold_chestplate	upgrade.item.plate.desc	0	0	760	0	0	6830
201060	plate	315	60	item.chestplateGold.name	set:items.json image:gold_chestplate	upgrade.item.plate.desc	0	0	790	0	0	7300
201061	plate	315	61	item.chestplateGold.name	set:items.json image:gold_chestplate	upgrade.item.plate.desc	0	0	808	0	0	17600
201062	plate	315	62	item.chestplateGold.name	set:items.json image:gold_chestplate	upgrade.item.plate.desc	0	0	826	0	0	6470
201063	plate	315	63	item.chestplateGold.name	set:items.json image:gold_chestplate	upgrade.item.plate.desc	0	0	844	0	0	6980
201064	plate	315	64	item.chestplateGold.name	set:items.json image:gold_chestplate	upgrade.item.plate.desc	0	0	862	0	0	7490
201065	plate	315	65	item.chestplateGold.name	set:items.json image:gold_chestplate	upgrade.item.plate.desc	0	0	894	0	0	8000
201066	plate	315	66	item.chestplateGold.name	set:items.json image:gold_chestplate	upgrade.item.plate.desc	0	0	913	0	0	19000
201067	plate	315	67	item.chestplateGold.name	set:items.json image:gold_chestplate	upgrade.item.plate.desc	0	0	932	0	0	6950
201068	plate	315	68	item.chestplateGold.name	set:items.json image:gold_chestplate	upgrade.item.plate.desc	0	0	951	0	0	7500
201069	plate	315	69	item.chestplateGold.name	set:items.json image:gold_chestplate	upgrade.item.plate.desc	0	0	970	0	0	8050
201070	plate	315	70	item.chestplateGold.name	set:items.json image:gold_chestplate	upgrade.item.plate.desc	0	0	1005	0	0	8600
201071	plate	315	71	item.chestplateGold.name	set:items.json image:gold_chestplate	upgrade.item.plate.desc	0	0	1025	0	0	20400
201072	plate	315	72	item.chestplateGold.name	set:items.json image:gold_chestplate	upgrade.item.plate.desc	0	0	1045	0	0	7470
201073	plate	315	73	item.chestplateGold.name	set:items.json image:gold_chestplate	upgrade.item.plate.desc	0	0	1065	0	0	8060
201074	plate	315	74	item.chestplateGold.name	set:items.json image:gold_chestplate	upgrade.item.plate.desc	0	0	1085	0	0	8650
201075	plate	311	75	item.chestplateDiamond.name	set:items.json image:diamond_chestplate	upgrade.item.plate.desc	0	0	1122	0	0	9240
201076	plate	311	76	item.chestplateDiamond.name	set:items.json image:diamond_chestplate	upgrade.item.plate.desc	0	0	1143	0	0	21800
201077	plate	311	77	item.chestplateDiamond.name	set:items.json image:diamond_chestplate	upgrade.item.plate.desc	0	0	1164	0	0	7980
201078	plate	311	78	item.chestplateDiamond.name	set:items.json image:diamond_chestplate	upgrade.item.plate.desc	0	0	1185	0	0	8610
201079	plate	311	79	item.chestplateDiamond.name	set:items.json image:diamond_chestplate	upgrade.item.plate.desc	0	0	1206	0	0	9240
201080	plate	311	80	item.chestplateDiamond.name	set:items.json image:diamond_chestplate	upgrade.item.plate.desc	0	0	1245	0	0	9870
201081	plate	311	81	item.chestplateDiamond.name	set:items.json image:diamond_chestplate	upgrade.item.plate.desc	0	0	1267	0	0	23200
201082	plate	311	82	item.chestplateDiamond.name	set:items.json image:diamond_chestplate	upgrade.item.plate.desc	0	0	1289	0	0	8490
201083	plate	311	83	item.chestplateDiamond.name	set:items.json image:diamond_chestplate	upgrade.item.plate.desc	0	0	1311	0	0	9160
201084	plate	311	84	item.chestplateDiamond.name	set:items.json image:diamond_chestplate	upgrade.item.plate.desc	0	0	1333	0	0	9830
201085	plate	311	85	item.chestplateDiamond.name	set:items.json image:diamond_chestplate	upgrade.item.plate.desc	0	0	1374	0	0	10500
201086	plate	311	86	item.chestplateDiamond.name	set:items.json image:diamond_chestplate	upgrade.item.plate.desc	0	0	1397	0	0	24600
201087	plate	311	87	item.chestplateDiamond.name	set:items.json image:diamond_chestplate	upgrade.item.plate.desc	0	0	1420	0	0	9000
201088	plate	311	88	item.chestplateDiamond.name	set:items.json image:diamond_chestplate	upgrade.item.plate.desc	0	0	1443	0	0	9710
201089	plate	311	89	item.chestplateDiamond.name	set:items.json image:diamond_chestplate	upgrade.item.plate.desc	0	0	1466	0	0	10420
201090	plate	311	90	item.chestplateDiamond.name	set:items.json image:diamond_chestplate	upgrade.item.plate.desc	0	0	1510	0	0	11130
201091	plate	311	91	item.chestplateDiamond.name	set:items.json image:diamond_chestplate	upgrade.item.plate.desc	0	0	1534	0	0	26000
201092	plate	311	92	item.chestplateDiamond.name	set:items.json image:diamond_chestplate	upgrade.item.plate.desc	0	0	1558	0	0	9500
201093	plate	311	93	item.chestplateDiamond.name	set:items.json image:diamond_chestplate	upgrade.item.plate.desc	0	0	1582	0	0	10250
201094	plate	311	94	item.chestplateDiamond.name	set:items.json image:diamond_chestplate	upgrade.item.plate.desc	0	0	1606	0	0	11000
201095	plate	311	95	item.chestplateDiamond.name	set:items.json image:diamond_chestplate	upgrade.item.plate.desc	0	0	1652	0	0	11750
201096	plate	311	96	item.chestplateDiamond.name	set:items.json image:diamond_chestplate	upgrade.item.plate.desc	0	0	1677	0	0	27400
201097	plate	311	97	item.chestplateDiamond.name	set:items.json image:diamond_chestplate	upgrade.item.plate.desc	0	0	1702	0	0	10000
201098	plate	311	98	item.chestplateDiamond.name	set:items.json image:diamond_chestplate	upgrade.item.plate.desc	0	0	1727	0	0	10800
201099	plate	311	99	item.chestplateDiamond.name	set:items.json image:diamond_chestplate	upgrade.item.plate.desc	0	0	1752	0	0	11600
201100	plate	311	100	item.chestplateDiamond.name	set:items.json image:diamond_chestplate	upgrade.item.plate.desc	0	0	1800	0	0	28800
301000	legs	300	0	item.leggingsCloth.name	set:items.json image:leather_leggings	upgrade.item.legs.desc	0	0	0	0	0	0
301001	legs	300	1	item.leggingsCloth.name	set:items.json image:leather_leggings	upgrade.item.legs.desc	175	0	0	0	0	4000
301002	legs	300	2	item.leggingsCloth.name	set:items.json image:leather_leggings	upgrade.item.legs.desc	200	0	0	0	0	660
301003	legs	300	3	item.leggingsCloth.name	set:items.json image:leather_leggings	upgrade.item.legs.desc	225	0	0	0	0	720
301004	legs	300	4	item.leggingsCloth.name	set:items.json image:leather_leggings	upgrade.item.legs.desc	250	0	0	0	0	780
301005	legs	300	5	item.leggingsCloth.name	set:items.json image:leather_leggings	upgrade.item.legs.desc	300	0	0	0	0	840
301006	legs	300	6	item.leggingsCloth.name	set:items.json image:leather_leggings	upgrade.item.legs.desc	330	0	0	0	0	4500
301007	legs	300	7	item.leggingsCloth.name	set:items.json image:leather_leggings	upgrade.item.legs.desc	360	0	0	0	0	1650
301008	legs	300	8	item.leggingsCloth.name	set:items.json image:leather_leggings	upgrade.item.legs.desc	390	0	0	0	0	1800
301009	legs	300	9	item.leggingsCloth.name	set:items.json image:leather_leggings	upgrade.item.legs.desc	420	0	0	0	0	1950
301010	legs	300	10	item.leggingsCloth.name	set:items.json image:leather_leggings	upgrade.item.legs.desc	470	0	0	0	0	2100
301011	legs	300	11	item.leggingsCloth.name	set:items.json image:leather_leggings	upgrade.item.legs.desc	505	0	0	0	0	7200
301012	legs	300	12	item.leggingsCloth.name	set:items.json image:leather_leggings	upgrade.item.legs.desc	540	0	0	0	0	2640
301013	legs	300	13	item.leggingsCloth.name	set:items.json image:leather_leggings	upgrade.item.legs.desc	575	0	0	0	0	2880
301014	legs	300	14	item.leggingsCloth.name	set:items.json image:leather_leggings	upgrade.item.legs.desc	610	0	0	0	0	3120
301015	legs	300	15	item.leggingsCloth.name	set:items.json image:leather_leggings	upgrade.item.legs.desc	680	0	0	0	0	3360
301016	legs	300	16	item.leggingsCloth.name	set:items.json image:leather_leggings	upgrade.item.legs.desc	720	0	0	0	0	9900
301017	legs	300	17	item.leggingsCloth.name	set:items.json image:leather_leggings	upgrade.item.legs.desc	760	0	0	0	0	3630
301018	legs	300	18	item.leggingsCloth.name	set:items.json image:leather_leggings	upgrade.item.legs.desc	800	0	0	0	0	3960
301019	legs	300	19	item.leggingsCloth.name	set:items.json image:leather_leggings	upgrade.item.legs.desc	840	0	0	0	0	4290
301020	legs	300	20	item.leggingsCloth.name	set:items.json image:leather_leggings	upgrade.item.legs.desc	920	0	0	0	0	4620
301021	legs	300	21	item.leggingsCloth.name	set:items.json image:leather_leggings	upgrade.item.legs.desc	965	0	0	0	0	12600
301022	legs	300	22	item.leggingsCloth.name	set:items.json image:leather_leggings	upgrade.item.legs.desc	1010	0	0	0	0	4620
301023	legs	300	23	item.leggingsCloth.name	set:items.json image:leather_leggings	upgrade.item.legs.desc	1055	0	0	0	0	5040
301024	legs	300	24	item.leggingsCloth.name	set:items.json image:leather_leggings	upgrade.item.legs.desc	1100	0	0	0	0	5460
301025	legs	308	25	item.leggingsIron.name	set:items.json image:iron_leggings	upgrade.item.legs.desc	1190	0	0	0	0	5880
301026	legs	308	26	item.leggingsIron.name	set:items.json image:iron_leggings	upgrade.item.legs.desc	1240	0	0	0	0	15300
301027	legs	308	27	item.leggingsIron.name	set:items.json image:iron_leggings	upgrade.item.legs.desc	1290	0	0	0	0	5610
301028	legs	308	28	item.leggingsIron.name	set:items.json image:iron_leggings	upgrade.item.legs.desc	1340	0	0	0	0	6120
301029	legs	308	29	item.leggingsIron.name	set:items.json image:iron_leggings	upgrade.item.legs.desc	1390	0	0	0	0	6630
301030	legs	308	30	item.leggingsIron.name	set:items.json image:iron_leggings	upgrade.item.legs.desc	1490	0	0	0	0	7140
301031	legs	308	31	item.leggingsIron.name	set:items.json image:iron_leggings	upgrade.item.legs.desc	1545	0	0	0	0	18000
301032	legs	308	32	item.leggingsIron.name	set:items.json image:iron_leggings	upgrade.item.legs.desc	1600	0	0	0	0	6600
301033	legs	308	33	item.leggingsIron.name	set:items.json image:iron_leggings	upgrade.item.legs.desc	1655	0	0	0	0	7200
301034	legs	308	34	item.leggingsIron.name	set:items.json image:iron_leggings	upgrade.item.legs.desc	1710	0	0	0	0	7800
301035	legs	308	35	item.leggingsIron.name	set:items.json image:iron_leggings	upgrade.item.legs.desc	1820	0	0	0	0	8400
301036	legs	308	36	item.leggingsIron.name	set:items.json image:iron_leggings	upgrade.item.legs.desc	1880	0	0	0	0	20700
301037	legs	308	37	item.leggingsIron.name	set:items.json image:iron_leggings	upgrade.item.legs.desc	1940	0	0	0	0	7590
301038	legs	308	38	item.leggingsIron.name	set:items.json image:iron_leggings	upgrade.item.legs.desc	2000	0	0	0	0	8280
301039	legs	308	39	item.leggingsIron.name	set:items.json image:iron_leggings	upgrade.item.legs.desc	2060	0	0	0	0	8970
301040	legs	308	40	item.leggingsIron.name	set:items.json image:iron_leggings	upgrade.item.legs.desc	2180	0	0	0	0	9660
301041	legs	308	41	item.leggingsIron.name	set:items.json image:iron_leggings	upgrade.item.legs.desc	2245	0	0	0	0	23400
301042	legs	308	42	item.leggingsIron.name	set:items.json image:iron_leggings	upgrade.item.legs.desc	2310	0	0	0	0	8580
301043	legs	308	43	item.leggingsIron.name	set:items.json image:iron_leggings	upgrade.item.legs.desc	2375	0	0	0	0	9360
301044	legs	308	44	item.leggingsIron.name	set:items.json image:iron_leggings	upgrade.item.legs.desc	2440	0	0	0	0	10140
301045	legs	308	45	item.leggingsIron.name	set:items.json image:iron_leggings	upgrade.item.legs.desc	2580	0	0	0	0	10920
301046	legs	308	46	item.leggingsIron.name	set:items.json image:iron_leggings	upgrade.item.legs.desc	2655	0	0	0	0	26100
301047	legs	308	47	item.leggingsIron.name	set:items.json image:iron_leggings	upgrade.item.legs.desc	2730	0	0	0	0	9570
301048	legs	308	48	item.leggingsIron.name	set:items.json image:iron_leggings	upgrade.item.legs.desc	2805	0	0	0	0	10440
301049	legs	308	49	item.leggingsIron.name	set:items.json image:iron_leggings	upgrade.item.legs.desc	2880	0	0	0	0	11310
301050	legs	316	50	item.leggingsGold.name	set:items.json image:gold_leggings	upgrade.item.legs.desc	3000	0	0	0	0	12180
301051	legs	316	51	item.leggingsGold.name	set:items.json image:gold_leggings	upgrade.item.legs.desc	3080	0	0	0	0	28800
301052	legs	316	52	item.leggingsGold.name	set:items.json image:gold_leggings	upgrade.item.legs.desc	3160	0	0	0	0	10560
301053	legs	316	53	item.leggingsGold.name	set:items.json image:gold_leggings	upgrade.item.legs.desc	3240	0	0	0	0	11520
301054	legs	316	54	item.leggingsGold.name	set:items.json image:gold_leggings	upgrade.item.legs.desc	3320	0	0	0	0	12480
301055	legs	316	55	item.leggingsGold.name	set:items.json image:gold_leggings	upgrade.item.legs.desc	3460	0	0	0	0	13440
301056	legs	316	56	item.leggingsGold.name	set:items.json image:gold_leggings	upgrade.item.legs.desc	3545	0	0	0	0	31500
301057	legs	316	57	item.leggingsGold.name	set:items.json image:gold_leggings	upgrade.item.legs.desc	3630	0	0	0	0	11550
301058	legs	316	58	item.leggingsGold.name	set:items.json image:gold_leggings	upgrade.item.legs.desc	3715	0	0	0	0	12600
301059	legs	316	59	item.leggingsGold.name	set:items.json image:gold_leggings	upgrade.item.legs.desc	3800	0	0	0	0	13650
301060	legs	316	60	item.leggingsGold.name	set:items.json image:gold_leggings	upgrade.item.legs.desc	3950	0	0	0	0	14700
301061	legs	316	61	item.leggingsGold.name	set:items.json image:gold_leggings	upgrade.item.legs.desc	4040	0	0	0	0	34200
301062	legs	316	62	item.leggingsGold.name	set:items.json image:gold_leggings	upgrade.item.legs.desc	4130	0	0	0	0	12540
301063	legs	316	63	item.leggingsGold.name	set:items.json image:gold_leggings	upgrade.item.legs.desc	4220	0	0	0	0	13680
301064	legs	316	64	item.leggingsGold.name	set:items.json image:gold_leggings	upgrade.item.legs.desc	4310	0	0	0	0	14820
301065	legs	316	65	item.leggingsGold.name	set:items.json image:gold_leggings	upgrade.item.legs.desc	4470	0	0	0	0	15960
301066	legs	316	66	item.leggingsGold.name	set:items.json image:gold_leggings	upgrade.item.legs.desc	4565	0	0	0	0	36900
301067	legs	316	67	item.leggingsGold.name	set:items.json image:gold_leggings	upgrade.item.legs.desc	4660	0	0	0	0	13530
301068	legs	316	68	item.leggingsGold.name	set:items.json image:gold_leggings	upgrade.item.legs.desc	4755	0	0	0	0	14760
301069	legs	316	69	item.leggingsGold.name	set:items.json image:gold_leggings	upgrade.item.legs.desc	4850	0	0	0	0	15990
301070	legs	316	70	item.leggingsGold.name	set:items.json image:gold_leggings	upgrade.item.legs.desc	5030	0	0	0	0	17220
301071	legs	316	71	item.leggingsGold.name	set:items.json image:gold_leggings	upgrade.item.legs.desc	5130	0	0	0	0	39600
301072	legs	316	72	item.leggingsGold.name	set:items.json image:gold_leggings	upgrade.item.legs.desc	5230	0	0	0	0	14520
301073	legs	316	73	item.leggingsGold.name	set:items.json image:gold_leggings	upgrade.item.legs.desc	5330	0	0	0	0	15840
301074	legs	316	74	item.leggingsGold.name	set:items.json image:gold_leggings	upgrade.item.legs.desc	5430	0	0	0	0	17160
301075	legs	312	75	item.leggingsDiamond.name	set:items.json image:diamond_leggings	upgrade.item.legs.desc	5610	0	0	0	0	18480
301076	legs	312	76	item.leggingsDiamond.name	set:items.json image:diamond_leggings	upgrade.item.legs.desc	5715	0	0	0	0	42300
301077	legs	312	77	item.leggingsDiamond.name	set:items.json image:diamond_leggings	upgrade.item.legs.desc	5820	0	0	0	0	15510
301078	legs	312	78	item.leggingsDiamond.name	set:items.json image:diamond_leggings	upgrade.item.legs.desc	5925	0	0	0	0	16920
301079	legs	312	79	item.leggingsDiamond.name	set:items.json image:diamond_leggings	upgrade.item.legs.desc	6030	0	0	0	0	18330
301080	legs	312	80	item.leggingsDiamond.name	set:items.json image:diamond_leggings	upgrade.item.legs.desc	6230	0	0	0	0	19740
301081	legs	312	81	item.leggingsDiamond.name	set:items.json image:diamond_leggings	upgrade.item.legs.desc	6340	0	0	0	0	45000
301082	legs	312	82	item.leggingsDiamond.name	set:items.json image:diamond_leggings	upgrade.item.legs.desc	6450	0	0	0	0	16500
301083	legs	312	83	item.leggingsDiamond.name	set:items.json image:diamond_leggings	upgrade.item.legs.desc	6560	0	0	0	0	18000
301084	legs	312	84	item.leggingsDiamond.name	set:items.json image:diamond_leggings	upgrade.item.legs.desc	6670	0	0	0	0	19500
301085	legs	312	85	item.leggingsDiamond.name	set:items.json image:diamond_leggings	upgrade.item.legs.desc	6870	0	0	0	0	21000
301086	legs	312	86	item.leggingsDiamond.name	set:items.json image:diamond_leggings	upgrade.item.legs.desc	6985	0	0	0	0	47700
301087	legs	312	87	item.leggingsDiamond.name	set:items.json image:diamond_leggings	upgrade.item.legs.desc	7100	0	0	0	0	17490
301088	legs	312	88	item.leggingsDiamond.name	set:items.json image:diamond_leggings	upgrade.item.legs.desc	7215	0	0	0	0	19080
301089	legs	312	89	item.leggingsDiamond.name	set:items.json image:diamond_leggings	upgrade.item.legs.desc	7330	0	0	0	0	20670
301090	legs	312	90	item.leggingsDiamond.name	set:items.json image:diamond_leggings	upgrade.item.legs.desc	7550	0	0	0	0	22260
301091	legs	312	91	item.leggingsDiamond.name	set:items.json image:diamond_leggings	upgrade.item.legs.desc	7670	0	0	0	0	50400
301092	legs	312	92	item.leggingsDiamond.name	set:items.json image:diamond_leggings	upgrade.item.legs.desc	7790	0	0	0	0	18480
301093	legs	312	93	item.leggingsDiamond.name	set:items.json image:diamond_leggings	upgrade.item.legs.desc	7910	0	0	0	0	20160
301094	legs	312	94	item.leggingsDiamond.name	set:items.json image:diamond_leggings	upgrade.item.legs.desc	8030	0	0	0	0	21840
301095	legs	312	95	item.leggingsDiamond.name	set:items.json image:diamond_leggings	upgrade.item.legs.desc	8260	0	0	0	0	23520
301096	legs	312	96	item.leggingsDiamond.name	set:items.json image:diamond_leggings	upgrade.item.legs.desc	8385	0	0	0	0	53100
301097	legs	312	97	item.leggingsDiamond.name	set:items.json image:diamond_leggings	upgrade.item.legs.desc	8510	0	0	0	0	19470
301098	legs	312	98	item.leggingsDiamond.name	set:items.json image:diamond_leggings	upgrade.item.legs.desc	8635	0	0	0	0	21240
301099	legs	312	99	item.leggingsDiamond.name	set:items.json image:diamond_leggings	upgrade.item.legs.desc	8760	0	0	0	0	23010
301100	legs	312	100	item.leggingsDiamond.name	set:items.json image:diamond_leggings	upgrade.item.legs.desc	9000	0	0	0	0	55800
401000	boots	301	0	item.bootsCloth.name	set:items.json image:leather_boots	upgrade.item.boots.desc	0	0	0	0	0	0
401001	boots	301	1	item.bootsCloth.name	set:items.json image:leather_boots	upgrade.item.boots.desc	0	0	0	35	0	10000
401002	boots	301	2	item.bootsCloth.name	set:items.json image:leather_boots	upgrade.item.boots.desc	0	0	0	40	0	2750
401003	boots	301	3	item.bootsCloth.name	set:items.json image:leather_boots	upgrade.item.boots.desc	0	0	0	45	0	3000
401004	boots	301	4	item.bootsCloth.name	set:items.json image:leather_boots	upgrade.item.boots.desc	0	0	0	50	0	3250
401005	boots	309	5	item.bootsIron.name	set:items.json image:iron_boots	upgrade.item.boots.desc	0	0	0	60	0	3500
401006	boots	309	6	item.bootsIron.name	set:items.json image:iron_boots	upgrade.item.boots.desc	0	0	0	65	0	15000
401007	boots	309	7	item.bootsIron.name	set:items.json image:iron_boots	upgrade.item.boots.desc	0	0	0	70	0	8250
401008	boots	309	8	item.bootsIron.name	set:items.json image:iron_boots	upgrade.item.boots.desc	0	0	0	75	0	9000
401009	boots	309	9	item.bootsIron.name	set:items.json image:iron_boots	upgrade.item.boots.desc	0	0	0	80	0	9750
401010	boots	317	10	item.bootsGold.name	set:items.json image:gold_boots	upgrade.item.boots.desc	0	0	0	90	0	10500
401011	boots	317	11	item.bootsGold.name	set:items.json image:gold_boots	upgrade.item.boots.desc	0	0	0	95	0	25000
401012	boots	317	12	item.bootsGold.name	set:items.json image:gold_boots	upgrade.item.boots.desc	0	0	0	100	0	13750
401013	boots	317	13	item.bootsGold.name	set:items.json image:gold_boots	upgrade.item.boots.desc	0	0	0	105	0	15000
401014	boots	317	14	item.bootsGold.name	set:items.json image:gold_boots	upgrade.item.boots.desc	0	0	0	110	0	16250
401015	boots	313	15	item.bootsDiamond.name	set:items.json image:diamond_boots	upgrade.item.boots.desc	0	0	0	120	0	17500
401016	boots	313	16	item.bootsDiamond.name	set:items.json image:diamond_boots	upgrade.item.boots.desc	0	0	0	125	0	35000
401017	boots	313	17	item.bootsDiamond.name	set:items.json image:diamond_boots	upgrade.item.boots.desc	0	0	0	130	0	19250
401018	boots	313	18	item.bootsDiamond.name	set:items.json image:diamond_boots	upgrade.item.boots.desc	0	0	0	135	0	21000
401019	boots	313	19	item.bootsDiamond.name	set:items.json image:diamond_boots	upgrade.item.boots.desc	0	0	0	140	0	22750
401020	boots	313	20	item.bootsDiamond.name	set:items.json image:diamond_boots	upgrade.item.boots.desc	0	0	0	150	0	45000
