ID	名称	模型资源	AI行为树配置文件	是否可升级	生命值	攻击力	防御力	攻击系数	攻击速度	攻击距离	移动速度	攻击时间间隔	生命恢复	经验	金币	是否有出场提示	是否为Boss	是否会转移目标	转移目标的冷却时间（单位：秒）	是否自动攻击（1：在视野范围内有玩家，会攻击玩家）	视野范围（单位：格子）	攻击类型(0近战，1远程)	技能ID	技能释放CD（单位：秒）	攻击后效果(ID#时间(单位：秒)#等级)		
id	name	actor	aiFile	isUp	hp	attack	defense	attackX	attackSpeed	attackDistance	moveSpeed	attackCd	addHp	exp	gold	isEnterHint	isBoss	isChangeTarget	changeTargetCd	isAutoAttack	patrolDistance	attackType	skillId	skillCd	effect		
1011	creepyalients_mon_name05	greys.actor	NormalAlien	1	1000	240	150	1	2.5	2	0	2.5	0	10	125	0	0	1	3	1	30	0	0	0	0#0#0		小灰人
1012	creepyalients_mon_name06	greys.actor	NormalAlien	1	2000	360	150	1	2.5	2	0	2.5	0	16	200	0	0	1	3	1	30	0	0	0	0#0#0		巨型小灰人
1021	creepyalients_mon_name01	subrosian.actor	NormalAlien	0	900	120	0	1	1	2	0	1	0	50	50	0	0	1	3	1	30	0	0	0	0#0#0		地底人
1022	creepyalients_mon_name02	subrosian.actor	NormalAlien	0	1800	180	0	1	1	2	0	1	0	90	90	0	0	1	3	1	30	0	0	0	0#0#0		巨型地底人
1031	creepyalients_mon_name03	greens.actor	NormalAlien	1	1800	60	300	1	1.66	2	100	1.66	0	20	250	0	0	1	3	1	30	0	0	0	0#0#0		绿人
1032	creepyalients_mon_name04	greens.actor	NormalAlien	1	3600	90	300	1	1.66	2	100	1.66	0	32	400	0	0	1	3	1	30	0	0	0	0#0#0		巨型绿人
1041	creepyalients_mon_name07	insectosaurus.actor	NormalAlien	1	675	120	100	1	0.625	2	150	0.625	0	25	313	0	0	1	3	1	30	0	0	0	0#0#0		虫恐龙
1042	creepyalients_mon_name08	insectosaurus.actor	NormalAlien	1	1350	180	100	1	0.625	2	150	0.625	0	40	500	0	0	1	3	1	30	0	0	0	0#0#0		巨型虫恐龙
1051	creepyalients_mon_name09	bobo.actor	NormalAlien	1	1080	90	200	1	1.25	2	50	1.25	0	30	375	0	0	1	3	1	30	0	0	0	2#3#2		波波
1052	creepyalients_mon_name10	bobo.actor	NormalAlien	1	2160	135	200	1	1.25	2	50	1.25	0	48	600	0	0	1	3	1	30	0	0	0	2#3#3		巨型波波
1061	creepyalients_mon_name11	demon.actor	SlyAlien	1	1350	900	100	1	2.5	2	100	2.5	0	60	750	0	0	0	0	0	30	0	0	0	0#0#0		恶魔
1062	creepyalients_mon_name12	demon.actor	SlyAlien	1	2700	1350	100	1	2.5	2	100	2.5	0	120	1500	0	0	0	0	0	30	0	0	0	0#0#0		巨型恶魔
2011	creepyalients_mon_name13	unknown_rabbits.actor	NormalAlien	1	750	210	60	1	1.66	7	0	1.66	0	20	250	0	0	1	3	1	30	1	0	0	0#0#0		兔子
2012	creepyalients_mon_name14	unknown_rabbits.actor	NormalAlien	1	1500	315	60	1	1.66	7	0	1.66	0	32	400	0	0	1	3	1	30	1	0	0	0#0#0		巨型兔子
2021	creepyalients_mon_name15	bat.actor	NormalAlien	1	1200	90	75	1	1	7	-100	1	0	30	375	0	0	1	3	1	30	1	0	0	2#3#2		蝙蝠
2022	creepyalients_mon_name16	bat.actor	NormalAlien	1	2400	135	75	1	1	7	-100	1	0	48	600	0	0	1	3	1	30	1	0	0	2#3#3		巨型蝙蝠
2031	creepyalients_mon_name17	angel.actor	SlyAlien	1	3000	360	0	1	1.66	7	-200	1.66	0	80	1000	0	0	0	0	0	30	1	0	0	0#0#0		天使
2032	creepyalients_mon_name18	angel.actor	SlyAlien	1	6000	540	0	1	1.66	7	-200	1.66	0	160	2000	0	0	0	0	0	30	1	0	0	0#0#0		巨型天使
3011	creepyalients_mon_name19	doctor_octopus2.actor	BossAlien	1	30000	600	150	1	1	2	0	1	0	1000	5000	1	1	1	3	1	30	0	1	8	0#0#0		BOSS-章鱼博士
3021	creepyalients_mon_name20	ufo_hunter.actor	BossAlien	1	16000	1200	150	1	1	2	0	1	0	1000	5000	1	1	1	3	1	30	0	2	8	0#0#0		BOSS-UFO猎人
